Scenario,Replication,Factor,RMSE,MAE,CRPS,Coverage,AIW
1,2001,0.75,0.30857409722654044,0.17592102886057143,0.13131881728344583,0.875,0.6754423258644109
1,2001,0.85,0.30857409722654167,0.17592102886057237,0.12990318218788172,0.875,0.7655013026463322
1,2001,0.95,0.3085740972265411,0.17592102886057182,0.12902052712705775,1.0,0.8555602794282536
1,2001,1.0,0.3085740972265412,0.17592102886057198,0.1287477917353126,1.0,0.9005897678192145
1,2001,1.1,0.30857409722654067,0.17592102886057145,0.12879704914903298,1.0,0.9906487446011362
1,2001,1.2,0.30857409722654083,0.1759210288605717,0.12928556642106648,1.0,1.0807077213830574
1,2001,1.35,0.308574097226541,0.17592102886057193,0.13082163117485507,1.0,1.2157961865559397
1,2001,1.5,0.30857409722654056,0.17592102886057143,0.1332146472329001,1.0,1.3508846517288218
1,2002,0.75,0.4591891047435433,0.32214824655552404,0.22489521947090632,0.875,0.9580503255251172
1,2002,0.85,0.4591891047435437,0.32214824655552415,0.2182012218463899,0.875,1.0857903689284663
1,2002,0.95,0.45918910474354346,0.3221482465555241,0.21303502646225447,0.9375,1.213530412331815
1,2002,1.0,0.4591891047435438,0.32214824655552354,0.21106550675262142,0.9375,1.2774004340334897
1,2002,1.1,0.45918910474354363,0.32214824655552365,0.20802922278061226,1.0,1.4051404774368388
1,2002,1.2,0.45918910474354335,0.32214824655552377,0.2060703013740568,1.0,1.5328805208401874
1,2002,1.35,0.45918910474354335,0.32214824655552365,0.2052765187500793,1.0,1.7244905859452109
1,2002,1.5,0.4591891047435433,0.3221482465555235,0.20662911185947103,1.0,1.9161006510502345
1,2003,0.75,0.3342628986140495,0.26025356842951397,0.17058579792243667,0.875,0.8952045689336603
1,2003,0.85,0.334262898614049,0.2602535684295135,0.1665778062291852,0.9375,1.014565178124815
1,2003,0.95,0.3342628986140495,0.2602535684295141,0.16379279010216136,1.0,1.1339257873159698
1,2003,1.0,0.3342628986140493,0.2602535684295139,0.16279664275860245,1.0,1.1936060919115472
1,2003,1.1,0.33426289861404923,0.2602535684295135,0.16167409570177332,1.0,1.312966701102702
1,2003,1.2,0.3342628986140488,0.2602535684295132,0.1614232215031735,1.0,1.4323273102938563
1,2003,1.35,0.33426289861404945,0.2602535684295139,0.16228670152975627,1.0,1.6113682240805889
1,2003,1.5,0.334262898614049,0.2602535684295135,0.16450185249841937,1.0,1.7904091378673206
1,2004,0.75,0.3525983030628897,0.2667467831089814,0.19092578213201322,0.6875,0.6516548487225229
1,2004,0.85,0.3525983030628895,0.26674678310898103,0.18495093361464543,0.9375,0.7385421618855259
1,2004,0.95,0.3525983030628893,0.26674678310898114,0.18000399002242903,0.9375,0.8254294750485289
1,2004,1.0,0.35259830306288914,0.26674678310898087,0.17794560783457447,1.0,0.8688731316300307
1,2004,1.1,0.3525983030628891,0.2667467831089811,0.1744653419940531,1.0,0.9557604447930337
1,2004,1.2,0.35259830306288936,0.2667467831089816,0.171766909444674,1.0,1.0426477579560367
1,2004,1.35,0.3525983030628894,0.26674678310898153,0.16921429521750125,1.0,1.1729787277005412
1,2004,1.5,0.35259830306288936,0.26674678310898126,0.16826323682890043,1.0,1.3033096974450458
1,2005,0.75,0.17151080528375726,0.1117189918116732,0.08448048588868984,0.8125,0.5892272490398651
1,2005,0.85,0.17151080528375742,0.11171899181167363,0.08424939184937852,0.875,0.6677908822451802
1,2005,0.95,0.17151080528375715,0.11171899181167341,0.08444047394578084,0.9375,0.7463545154504956
1,2005,1.0,0.17151080528375712,0.11171899181167355,0.08465846949051889,0.9375,0.7856363320531534
1,2005,1.1,0.17151080528375715,0.1117189918116735,0.08542093300673183,1.0,0.8641999652584688
1,2005,1.2,0.17151080528375695,0.11171899181167348,0.08658490884799847,1.0,0.9427635984637839
1,2005,1.35,0.17151080528375715,0.11171899181167348,0.08895271526041401,1.0,1.060609048271757
1,2005,1.5,0.17151080528375698,0.11171899181167336,0.09202602675141267,1.0,1.1784544980797298
2,2001,0.75,0.11907783826474819,0.09239755615101342,0.062450530431223686,0.9375,0.3662199199588218
2,2001,0.85,0.11907783826474799,0.09239755615101333,0.06151683458553327,0.9375,0.415049242619998
2,2001,0.95,0.11907783826474826,0.09239755615101425,0.06104604762413629,0.9375,0.46387856528117416
2,2001,1.0,0.11907783826474815,0.09239755615101361,0.060987137046000776,1.0,0.4882932266117623
2,2001,1.1,0.11907783826474806,0.09239755615101362,0.061162275090276955,1.0,0.5371225492729386
2,2001,1.2,0.11907783826474788,0.09239755615101361,0.061631956418714544,1.0,0.5859518719341147
2,2001,1.35,0.11907783826474828,0.09239755615101394,0.06279608899846281,1.0,0.659195855925879
2,2001,1.5,0.11907783826474785,0.09239755615101286,0.06439961176037148,1.0,0.7324398399176434
2,2002,0.75,0.29189950588487845,0.18795568285616263,0.13603792479691396,0.875,0.7645460505631955
2,2002,0.85,0.29189950588487845,0.187955682856163,0.13471601001301153,0.875,0.8664855239716214
2,2002,0.95,0.2918995058848782,0.18795568285616204,0.13411698858023646,1.0,0.9684249973800475
2,2002,1.0,0.2918995058848788,0.18795568285616346,0.1340299846019452,1.0,1.0193947340842606
2,2002,1.1,0.2918995058848784,0.1879556828561625,0.1342764733545414,1.0,1.1213342074926866
2,2002,1.2,0.2918995058848784,0.18795568285616238,0.13525491481918034,1.0,1.2232736809011127
2,2002,1.35,0.29189950588487823,0.18795568285616227,0.13768984116190905,1.0,1.3761828910137517
2,2002,1.5,0.29189950588487856,0.18795568285616254,0.1410407210909463,1.0,1.5290921011263907
2,2003,0.75,0.6643761409611996,0.4086319782102766,0.3179492904314647,0.8125,1.0559093426399655
2,2003,0.85,0.6643761409611987,0.4086319782102765,0.31157374422066647,0.8125,1.196697254991961
2,2003,0.95,0.6643761409611991,0.4086319782102769,0.3063810178322012,0.8125,1.337485167343956
2,2003,1.0,0.6643761409611995,0.40863197821027686,0.3042024776322084,0.8125,1.4078791235199541
2,2003,1.1,0.6643761409611986,0.4086319782102763,0.3003550638022756,0.875,1.5486670358719494
2,2003,1.2,0.6643761409611986,0.40863197821027625,0.2973965116256139,0.9375,1.6894549482239447
2,2003,1.35,0.6643761409611989,0.40863197821027664,0.29422782332348685,1.0,1.900636816751938
2,2003,1.5,0.6643761409611981,0.40863197821027625,0.29266617596824096,1.0,2.111818685279931
2,2004,0.75,0.19905876881154821,0.14860623487425348,0.1114944462559408,0.875,0.5417516969987999
2,2004,0.85,0.1990587688115483,0.14860623487425356,0.11054680471278469,0.875,0.6139852565986399
2,2004,0.95,0.199058768811548,0.14860623487425353,0.11015280553387927,0.9375,0.6862188161984798
2,2004,1.0,0.19905876881154846,0.14860623487425384,0.11009377272677122,0.9375,0.7223355959983999
2,2004,1.1,0.19905876881154877,0.14860623487425387,0.11022463813139884,0.9375,0.7945691555982399
2,2004,1.2,0.19905876881154896,0.14860623487425403,0.11071094680082627,0.9375,0.8668027151980799
2,2004,1.35,0.19905876881154888,0.14860623487425428,0.11207495497806276,0.9375,0.97515305459784
2,2004,1.5,0.19905876881154863,0.148606234874254,0.1140115690511522,0.9375,1.0835033939975998
2,2005,0.75,0.3709910881577081,0.21386821023379324,0.16147863414505903,0.9375,0.7248002146214896
2,2005,0.85,0.37099108815770826,0.2138682102337936,0.15903613653207987,0.9375,0.8214402432376882
2,2005,0.95,0.3709910881577085,0.21386821023379365,0.15749954496522245,0.9375,0.9180802718538869
2,2005,1.0,0.37099108815770815,0.21386821023379338,0.15698806224495987,0.9375,0.9664002861619863
2,2005,1.1,0.3709910881577084,0.21386821023379352,0.15634876786936103,0.9375,1.0630403147781848
2,2005,1.2,0.3709910881577087,0.21386821023379374,0.15619239252441922,1.0,1.1596803433943834
2,2005,1.35,0.3709910881577086,0.21386821023379332,0.15674885135549688,1.0,1.3046403863186813
2,2005,1.5,0.3709910881577086,0.21386821023379343,0.15846099977172176,1.0,1.4496004292429792
3,2001,0.75,0.27323041468125087,0.19190193139692296,0.13244092342172514,0.875,0.6453805266709574
3,2001,0.85,0.2732304146812507,0.1919019313969225,0.13026833695691142,0.9375,0.7314312635604183
3,2001,0.95,0.27323041468125064,0.19190193139692246,0.1288769685234685,0.9375,0.8174820004498793
3,2001,1.0,0.2732304146812511,0.19190193139692308,0.12842515264132534,0.9375,0.8605073688946099
3,2001,1.1,0.2732304146812506,0.1919019313969226,0.12809283899446647,0.9375,0.9465581057840708
3,2001,1.2,0.27323041468125087,0.1919019313969228,0.12837849245064148,0.9375,1.0326088426735316
3,2001,1.35,0.2732304146812507,0.19190193139692274,0.12976571895243913,1.0,1.1616849480077234
3,2001,1.5,0.27323041468125064,0.19190193139692227,0.13209237822248615,1.0,1.2907610533419147
3,2002,0.75,0.26969808627880704,0.18972036148176036,0.14183330639271874,0.625,0.6108326106033543
3,2002,0.85,0.26969808627880654,0.1897203614817607,0.13860775957969135,0.6875,0.6922769586838016
3,2002,0.95,0.26969808627880626,0.18972036148176022,0.13633576779816886,0.9375,0.7737213067642488
3,2002,1.0,0.26969808627880754,0.18972036148176152,0.13548963628998092,0.9375,0.8144434808044723
3,2002,1.1,0.2696980862788071,0.18972036148176083,0.13423366654472613,0.9375,0.8958878288849197
3,2002,1.2,0.2696980862788067,0.18972036148176027,0.1334810941883065,0.9375,0.9773321769653669
3,2002,1.35,0.2696980862788065,0.18972036148175983,0.13351657390964256,1.0,1.0994986990860378
3,2002,1.5,0.2696980862788062,0.18972036148176005,0.13459509007377085,1.0,1.2216652212067083
3,2003,0.75,0.8187236672160036,0.3990308903504477,0.3002033488375271,0.875,1.1167992090208454
3,2003,0.85,0.8187236672160038,0.39903089035044803,0.29382054462112395,0.875,1.2657057702236247
3,2003,0.95,0.8187236672160035,0.39903089035044814,0.2884633326772072,0.875,1.4146123314264039
3,2003,1.0,0.8187236672160035,0.39903089035044803,0.2861016766701939,0.9375,1.4890656120277936
3,2003,1.1,0.8187236672160033,0.399030890350448,0.2820484125369458,0.9375,1.6379721732305732
3,2003,1.2,0.8187236672160029,0.3990308903504477,0.27898300134856124,0.9375,1.7868787344333523
3,2003,1.35,0.8187236672160033,0.399030890350448,0.27568519240354783,0.9375,2.010238576237522
3,2003,1.5,0.818723667216004,0.39903089035044825,0.2737380821002758,1.0,2.2335984180416903
3,2004,0.75,0.4800414844316828,0.2157474454084672,0.16795394588329388,0.9375,0.7014734287108002
3,2004,0.85,0.48004148443168326,0.2157474454084676,0.16602947311780297,0.9375,0.7950032192055736
3,2004,0.95,0.48004148443168276,0.21574744540846752,0.16467313158853802,0.9375,0.8885330097003472
3,2004,1.0,0.4800414844316828,0.21574744540846727,0.16416177244295077,0.9375,0.9352979049477339
3,2004,1.1,0.4800414844316831,0.21574744540846794,0.16344150785856912,0.9375,1.0288276954425073
3,2004,1.2,0.48004148443168315,0.21574744540846774,0.1630518552208633,0.9375,1.1223574859372805
3,2004,1.35,0.48004148443168293,0.21574744540846752,0.1631290501122891,0.9375,1.2626521716794405
3,2004,1.5,0.48004148443168293,0.21574744540846752,0.16417635053691124,1.0,1.4029468574216004
3,2005,0.75,0.6799609597778782,0.4774864812877531,0.3380331244419596,0.875,1.6507151675279068
3,2005,0.85,0.679960959777878,0.4774864812877527,0.3309579162609655,0.9375,1.870810523198294
3,2005,0.95,0.6799609597778777,0.47748648128775195,0.3260926143148748,0.9375,2.0909058788686816
3,2005,1.0,0.6799609597778782,0.47748648128775295,0.3243194331656296,0.9375,2.2009535567038756
3,2005,1.1,0.679960959777878,0.47748648128775284,0.321962753209326,0.9375,2.421048912374263
3,2005,1.2,0.6799609597778781,0.4774864812877529,0.32117670695982703,0.9375,2.6411442680446506
3,2005,1.35,0.679960959777878,0.47748648128775295,0.32189108153634777,0.9375,2.971287301550232
3,2005,1.5,0.679960959777878,0.47748648128775273,0.325112525473036,1.0,3.301430335055813
4,2001,0.75,0.1464823475130816,0.10609708857126895,0.07343885546865768,1.0,0.5343410411852174
4,2001,0.85,0.14648234751308162,0.1060970885712693,0.0730401484111732,1.0,0.6055865133432463
4,2001,0.95,0.14648234751308165,0.10609708857126908,0.07332640668883578,1.0,0.6768319855012753
4,2001,1.0,0.14648234751308165,0.10609708857126914,0.07371848865308736,1.0,0.7124547215802897
4,2001,1.1,0.1464823475130813,0.10609708857126934,0.07479142710530437,1.0,0.7837001937383188
4,2001,1.2,0.14648234751308156,0.10609708857126893,0.07623039710938768,1.0,0.8549456658963477
4,2001,1.35,0.14648234751308103,0.10609708857126851,0.07896334202563103,1.0,0.9618138741333913
4,2001,1.5,0.14648234751308142,0.10609708857126848,0.08223933991189102,1.0,1.0686820823704348
4,2002,0.75,0.1431269630041891,0.11698842502801621,0.09004282977612546,0.75,0.4908947024358997
4,2002,0.85,0.1431269630041888,0.11698842502801578,0.08983721534753017,0.75,0.5563473294273529
4,2002,0.95,0.14312696300418912,0.11698842502801607,0.09003916432334641,0.8125,0.6217999564188061
4,2002,1.0,0.14312696300418912,0.11698842502801605,0.09026326889230446,0.875,0.6545262699145329
4,2002,1.1,0.14312696300418928,0.11698842502801618,0.09096651204783765,0.875,0.7199788969059862
4,2002,1.2,0.1431269630041888,0.11698842502801568,0.09195206761440203,0.875,0.7854315238974394
4,2002,1.35,0.1431269630041889,0.11698842502801593,0.09385953244503911,0.875,0.8836104643846194
4,2002,1.5,0.1431269630041889,0.11698842502801582,0.09621790309319972,1.0,0.9817894048717992
4,2003,0.75,0.5392191676308427,0.38406105164248483,0.3099822936305153,0.625,0.997428721088792
4,2003,0.85,0.5392191676308425,0.38406105164248483,0.3052578210750112,0.6875,1.130419217233964
4,2003,0.95,0.5392191676308427,0.3840610516424845,0.30113683170121797,0.75,1.2634097133791362
4,2003,1.0,0.5392191676308427,0.3840610516424848,0.29929506708700776,0.75,1.3299049614517227
4,2003,1.1,0.5392191676308427,0.3840610516424845,0.2961136704424725,0.75,1.4628954575968949
4,2003,1.2,0.5392191676308425,0.3840610516424847,0.29345810205842393,0.75,1.5958859537420669
4,2003,1.35,0.5392191676308423,0.38406105164248455,0.2904973830128469,0.8125,1.7953716979598255
4,2003,1.5,0.5392191676308427,0.3840610516424846,0.28884163874940827,0.875,1.994857442177584
4,2004,0.75,0.4933211014243329,0.40722080331788024,0.30261570272366567,0.75,1.2181243630120717
4,2004,0.85,0.4933211014243333,0.40722080331788013,0.2986949171241389,0.75,1.3805409447470147
4,2004,0.95,0.49332110142433333,0.4072208033178806,0.296349577950286,0.8125,1.5429575264819575
4,2004,1.0,0.4933211014243326,0.40722080331788,0.2957022377687329,0.875,1.6241658173494287
4,2004,1.1,0.49332110142433333,0.4072208033178802,0.2950083325454526,0.875,1.7865823990843719
4,2004,1.2,0.4933211014243332,0.4072208033178804,0.2951543219261359,0.875,1.9489989808193144
4,2004,1.35,0.4933211014243329,0.40722080331787985,0.29651890329765923,0.875,2.192623853421729
4,2004,1.5,0.49332110142433294,0.40722080331788046,0.2993907489898865,0.875,2.436248726024143
4,2005,0.75,0.2519352863321667,0.2050608402295904,0.15469898287470524,0.5625,0.5315679403588123
4,2005,0.85,0.25193528633216694,0.2050608402295907,0.15164466489419298,0.6875,0.6024436657399872
4,2005,0.95,0.25193528633216605,0.20506084022959015,0.14926693794384444,0.8125,0.6733193911211621
4,2005,1.0,0.25193528633216644,0.2050608402295901,0.14827526599129287,0.8125,0.7087572538117497
4,2005,1.1,0.2519352863321664,0.2050608402295906,0.14662484718808722,0.8125,0.7796329791929248
4,2005,1.2,0.2519352863321667,0.20506084022959054,0.14543466876387606,0.8125,0.8505087045740995
4,2005,1.35,0.2519352863321668,0.2050608402295906,0.1443424598811554,0.875,0.956822292645862
4,2005,1.5,0.25193528633216594,0.20506084022958998,0.14396363321773611,0.875,1.0631358807176245
5,2001,0.75,0.3693169534449271,0.2625533273076523,0.20325163286992853,0.6875,0.8307114161312341
5,2001,0.85,0.3693169534449273,0.2625533273076526,0.20019890027869924,0.6875,0.9414729382820652
5,2001,0.95,0.3693169534449271,0.26255332730765263,0.19789062038883481,0.875,1.0522344604328966
5,2001,1.0,0.36931695344492743,0.2625533273076528,0.19704227641501873,0.875,1.1076152215083122
5,2001,1.1,0.3693169534449272,0.26255332730765224,0.1959751681185391,0.9375,1.2183767436591433
5,2001,1.2,0.3693169534449273,0.2625533273076528,0.1956185562374839,0.9375,1.3291382658099744
5,2001,1.35,0.36931695344492715,0.2625533273076525,0.1961349781104848,0.9375,1.4952805490362215
5,2001,1.5,0.36931695344492727,0.26255332730765274,0.19781539948134827,0.9375,1.6614228322624682
5,2002,0.75,0.12559283227945583,0.09648159518748656,0.07581179195447194,1.0,0.8970530845617622
5,2002,0.85,0.12559283227945567,0.09648159518748628,0.07945680853965059,1.0,1.0166601625033305
5,2002,0.95,0.12559283227945592,0.09648159518748642,0.08368044408636033,1.0,1.1362672404448988
5,2002,1.0,0.1255928322794559,0.09648159518748675,0.08595750203961039,1.0,1.1960707794156828
5,2002,1.1,0.12559283227945614,0.09648159518748689,0.09071619524622407,1.0,1.3156778573572514
5,2002,1.2,0.12559283227945572,0.09648159518748628,0.0956841586483918,1.0,1.4352849352988195
5,2002,1.35,0.1255928322794559,0.09648159518748627,0.1035536416870507,1.0,1.6146955522111721
5,2002,1.5,0.12559283227945595,0.09648159518748656,0.11173710599693493,1.0,1.7941061691235243
5,2003,0.75,0.6111811134233324,0.4302984574819052,0.3251302084189665,0.8125,0.9944858953321385
5,2003,0.85,0.6111811134233327,0.4302984574819055,0.31633064672440425,0.875,1.127084014709757
5,2003,0.95,0.6111811134233328,0.43029845748190565,0.3087446321008308,0.9375,1.2596821340873756
5,2003,1.0,0.6111811134233324,0.4302984574819053,0.3052701966246076,0.9375,1.3259811937761845
5,2003,1.1,0.6111811134233327,0.43029845748190554,0.2990862236415034,0.9375,1.4585793131538032
5,2003,1.2,0.611181113423333,0.43029845748190554,0.2939632303607556,0.9375,1.5911774325314214
5,2003,1.35,0.6111811134233329,0.4302984574819056,0.28772006777661996,0.9375,1.7900746115978492
5,2003,1.5,0.6111811134233331,0.4302984574819055,0.283100645208631,1.0,1.988971790664277
5,2004,0.75,0.4487014025566046,0.2482367510229251,0.18728437132527115,0.8125,0.803769043020771
5,2004,0.85,0.4487014025566051,0.24823675102292564,0.18348693687418305,0.875,0.9109382487568737
5,2004,0.95,0.44870140255660534,0.24823675102292583,0.18057649194492387,0.9375,1.0181074544929762
5,2004,1.0,0.4487014025566051,0.24823675102292614,0.17940816737565443,0.9375,1.071692057361028
5,2004,1.1,0.4487014025566047,0.2482367510229252,0.17767461777306398,0.9375,1.1788612630971307
5,2004,1.2,0.44870140255660484,0.2482367510229252,0.17668701416979443,0.9375,1.2860304688332334
5,2004,1.35,0.44870140255660473,0.2482367510229247,0.17661971308936408,1.0,1.4467842774373878
5,2004,1.5,0.4487014025566046,0.24823675102292497,0.17786608467608556,1.0,1.6075380860415418
5,2005,0.75,0.1555889947243486,0.1163974025967019,0.08676624364639475,0.875,0.49519412640489757
5,2005,0.85,0.15558899472434842,0.11639740259670214,0.08646799424596593,0.9375,0.5612200099255505
5,2005,0.95,0.1555889947243487,0.11639740259670221,0.08657174835172901,0.9375,0.6272458934462035
5,2005,1.0,0.1555889947243487,0.11639740259670231,0.08675100064181956,0.9375,0.66025883520653
5,2005,1.1,0.15558899472434876,0.11639740259670223,0.08734311085148179,0.9375,0.726284718727183
5,2005,1.2,0.15558899472434815,0.11639740259670185,0.08824731982687484,0.9375,0.7923106022478359
5,2005,1.35,0.15558899472434906,0.1163974025967025,0.09009621374348249,0.9375,0.8913494275288156
5,2005,1.5,0.1555889947243486,0.11639740259670224,0.09247126271929873,0.9375,0.9903882528097949
