Scenario,Replication,Model,RMSE,MAE,CRPS,Coverage,AIW,FitSeconds,IterationsUsed,EarlyStopped,final_negELBO,tail_negELBO_mean,tail_negELBO_sd,tail_slope,tail_relative_slope,tail_cv,tail_grad_median,tail_grad_p90,tail_n,Alpha_RMSE,Alpha_R2,Delta_RMSE,Delta_R2,Phi_RMSE,Phi_R2,Corr_Frobenius_RelErr,Corr_OffDiag_R,PriorSetting,PriorMultiplier,MeanPriorSD,AlphaPriorSD,RangePriorSD
4,3001,Proposed Adaptive NSST-BNF,0.3210035932727987,0.20820044671213614,0.15622941477541624,0.9375,1.2819272920377478,7.505032500001107,700,1,2526.186632077677,2561.2831976434404,35.018350881941345,-0.2646480889311903,-0.00010332636749215587,0.013672190140536064,757.2633144986605,3006.9467807504716,300,1.5517732752493518,-0.014750136304967354,0.6910620006545906,-0.011796519867158128,0.9900856409350665,-3.8847608886214458,0.7598186002446496,0.5573499687502704,baseline,1.0,0.35,0.5,0.35
4,3002,Proposed Adaptive NSST-BNF,0.13199106584103532,0.1040369174813906,0.09003267932824721,1.0,1.2358534697079082,8.801012771000387,800,1,2200.658026233422,2237.4361268758294,39.94270629369406,-0.24429458650494087,-0.00010918505497006232,0.01785199846105405,109.41874099629355,405.91616273442486,300,1.5184675923036968,-0.011301568536706386,0.7232618408328608,-0.0028807516830229307,0.9390768709344819,-3.493915122481094,0.7800599480222988,0.5796921148836665,baseline,1.0,0.35,0.5,0.35
4,3003,Proposed Adaptive NSST-BNF,0.5413209436242944,0.37511632613635715,0.2540804392673297,0.9375,1.4073514102977136,8.28263765599877,800,1,2125.447904220826,2152.902862036605,27.233821214009858,-0.23971385035404102,-0.00011134448032052696,0.01264981420863883,80.45874483927734,324.45898367421825,300,1.4408892362627947,-0.018429267935426985,0.6713447149087036,-0.005999656285718968,0.8639566579827563,-3.161788884495995,0.7247478885199107,0.594422227328714,baseline,1.0,0.35,0.5,0.35
4,3004,Proposed Adaptive NSST-BNF,0.4663079030464876,0.262213985708433,0.17691421490555445,0.9375,1.146665502567174,8.610552399999506,800,1,2264.564377931947,2291.777752187303,29.127237627567713,-0.24401927415358002,-0.00010647597652987279,0.012709451254498075,152.62392653799722,495.2195415388581,300,1.3555842088682057,-0.13179390041566164,0.6475145412244657,-0.1264970702486956,0.8787637149389231,-3.5850949371975362,0.7482254290808422,0.5964730112595272,baseline,1.0,0.35,0.5,0.35
4,3005,Proposed Adaptive NSST-BNF,0.19092378392571577,0.12818320342322376,0.09514676304277231,0.9375,0.7326436119682811,8.898709064998911,800,1,2613.7124480902085,2456.7454021804238,37.46237500452654,-0.21057017156989496,-8.571102702909651e-05,0.015248781974427517,428.36927698906055,1913.6792850295851,300,1.48466098121967,-0.00393436033309702,0.7077479649007808,-0.01314954038157734,0.8561775115799533,-3.694371888845727,0.7030367442063539,0.6540919109763742,baseline,1.0,0.35,0.5,0.35
4,3001,Proposed Adaptive NSST-BNF,0.2783977997250399,0.20029722487994175,0.14481743070356842,0.9375,1.2303445999248408,9.397071331999541,800,1,2449.4479168488397,2503.1906551650154,45.174898060773124,-0.40103325770083187,-0.00016020883462206548,0.018046926616460658,577.4440725909826,2656.4139083989403,300,1.5614560968563123,-0.02745340931829854,0.7016894316494761,-0.04315543736468119,0.9822296330672903,-3.8075504475733926,0.7461343600435635,0.5670033218199044,strong,0.5,0.175,0.25,0.175
4,3002,Proposed Adaptive NSST-BNF,0.1586997873439369,0.13615494154471053,0.10189091974208145,1.0,1.4066572055926168,10.292755061000207,900,1,1721.5099081882215,1752.144586155751,33.145035052619534,-0.20689661536082316,-0.00011808193056416615,0.018916837865156178,184.3807156202638,316.18851161020297,300,1.518142906614047,-0.01086913251543331,0.7231028719189223,-0.002439944953460005,0.9396075118258198,-3.4989952792699484,0.7809895510403008,0.5789814728304205,strong,0.5,0.175,0.25,0.175
4,3003,Proposed Adaptive NSST-BNF,0.5658329912566914,0.3868595664824187,0.2584229566316292,1.0,1.533012818704512,10.199437162000322,900,1,1383.030511992641,1399.3449465608487,23.328338767891793,-0.1315458929473143,-9.400533676175613e-05,0.01667089935560601,98.83024538488439,285.1643792413777,300,1.447578984593002,-0.027907930242647483,0.6762501634880423,-0.02075484482042178,0.873209352031885,-3.251409033051331,0.7426497623652822,0.5854542974981437,strong,0.5,0.175,0.25,0.175
4,3004,Proposed Adaptive NSST-BNF,0.39253772468472353,0.2629652985963662,0.1646459284477238,1.0,1.4301039376214348,10.420228957998916,900,1,1815.2494644664796,1843.9136076267832,23.91849694561497,-0.2298284464400361,-0.00012464165646883948,0.012971593054405275,203.2655687866329,388.0742743903531,300,1.331934595350496,-0.09264767375881244,0.6264626599421041,-0.05443884139773081,0.876961955433891,-3.5663122562708978,0.7448933890136464,0.5983295914827242,strong,0.5,0.175,0.25,0.175
4,3005,Proposed Adaptive NSST-BNF,0.17280240728958823,0.11127579002175231,0.080207041404705,1.0,0.7870635293570991,9.47032887900059,800,1,2184.3699519380457,2151.840562098835,46.171150145565505,-0.4712319329397329,-0.0002189901711305732,0.02145658510151498,294.1632185991258,857.4092815013785,300,1.4841248146499166,-0.0032093748269828026,0.7067812906989835,-0.010383819454776955,0.8571698267949168,-3.7052598088968196,0.7049667414389698,0.6532999198784153,strong,0.5,0.175,0.25,0.175
4,3001,Proposed Adaptive NSST-BNF,0.36518328437550346,0.221744320057023,0.17685753983450883,0.875,1.2329715757408888,7.587974319998466,600,1,3055.5339023105457,3118.8559932871985,56.225576637457415,-0.5116165568083273,-0.00016403981392840638,0.01802762832220317,723.0946846190351,2691.996539168199,300,1.5840525794722555,-0.0574059944577312,0.7326614106927347,-0.13727578109632188,0.9779422987427892,-3.765673086878855,0.7344655263393836,0.552961061373217,weak,2.0,0.7,1.0,0.7
4,3002,Proposed Adaptive NSST-BNF,0.13958170855538424,0.11004298915443035,0.08737755379670058,1.0,1.0837816123279462,7.780758901000809,600,1,2913.8607954144304,2990.1159358459663,69.63953821149991,-0.6218927159009311,-0.0002079828104474432,0.02328991239993422,185.57419893213762,860.5838192312971,300,1.528500816224539,-0.024710003264517777,0.7313791203900469,-0.025518045466285555,0.9247243453550476,-3.3575979725233482,0.7535631449440154,0.5905052537521145,weak,2.0,0.7,1.0,0.7
4,3003,Proposed Adaptive NSST-BNF,0.4881676566517557,0.3488452628207423,0.2374995222641843,1.0,1.3231672926874856,7.248627303999456,600,1,2901.392858884317,2973.49003064972,69.92760988130873,-0.6262947477373413,-0.00021062614681122474,0.023517015076734333,86.35394649298505,537.5942677234145,300,1.4436722873850982,-0.022367222199029202,0.673147146110225,-0.011408738195012535,0.860660441498406,-3.130092877866357,0.7273304906473989,0.6220875823177922,weak,2.0,0.7,1.0,0.7
4,3004,Proposed Adaptive NSST-BNF,0.5502144593579347,0.30196569004298773,0.213525989555236,0.875,1.2338076695678917,7.5520355720000225,600,1,2947.9775219445232,3016.300297475392,65.51689179601975,-0.568501525799566,-0.00018847643461607417,0.021720944645616552,241.02421675762542,943.6870032793846,300,1.403077106028439,-0.21248792843632058,0.6986136944751318,-0.3113094896471662,0.8655629092901598,-3.4483748436476223,0.7241489372476654,0.6100269778076762,weak,2.0,0.7,1.0,0.7
4,3005,Proposed Adaptive NSST-BNF,0.2259003838342896,0.1504614475690019,0.11249002106572335,0.9375,0.7971208071513272,8.224488066000049,700,1,3016.258006572969,3071.419171760507,57.59996973526421,-0.23548485773304592,-7.666972320097496e-05,0.018753535910973836,608.9617782983762,2849.775348971293,300,1.4926847337685518,-0.01481507749418487,0.7227843674362279,-0.05665641786772557,0.8445958539498808,-3.5682277642723976,0.6803480503678937,0.6626397414950411,weak,2.0,0.7,1.0,0.7
5,3001,Proposed Adaptive NSST-BNF,0.7017395333096647,0.561886429034558,0.402853812180201,0.75,2.257021399273812,9.84361691400045,800,1,2376.463348041578,2417.740264191446,38.70856831864678,-0.27068302738509065,-0.00011195703334808541,0.016010226115662555,110.28754304006866,528.19072482328,300,1.765290854115049,-0.03092627974853479,0.7174374988471586,-0.05071650786575255,1.1765216676739976,-4.233477770926739,0.8027552340889701,0.560158209998146,baseline,1.0,0.35,0.5,0.35
5,3002,Proposed Adaptive NSST-BNF,0.38927403627488133,0.35124424651641567,0.22765873675831244,1.0,1.6214625243267045,10.26309734499955,800,1,2165.5848822430016,2188.308419074311,33.431248293795385,-0.2419900607032802,-0.00011058316030500201,0.01527721047106208,69.63484056449039,263.4001412420307,300,1.8010251763168887,-7.281039706352743e-05,0.7399059530159732,-0.022543115021187887,1.2572066536077187,-4.417212422752401,0.8070934141251676,0.47755446034805366,baseline,1.0,0.35,0.5,0.35
5,3003,Proposed Adaptive NSST-BNF,1.1304383179423652,0.7940792206489452,0.6081452353593384,0.6875,2.340364683230184,9.585491186000581,800,1,2456.0062192505256,2492.4121644511984,54.53675203134172,-0.3501579403540571,-0.00014048958087602574,0.021881112927143048,315.6713200856875,1185.832441263367,300,1.915780532834621,-0.06130930886097352,0.7553168323159879,-0.06954806814714187,1.2667218833671985,-5.77146810872035,0.8344861520424609,0.36659785272109385,baseline,1.0,0.35,0.5,0.35
5,3004,Proposed Adaptive NSST-BNF,0.2039299700515437,0.12846119715787396,0.09357042622078224,0.9375,0.5178951852307525,10.015485981000893,800,1,2394.2397743728934,2431.053606792637,41.772152049891226,-0.22331743900926299,-9.186035157155272e-05,0.01718273588586246,383.84402151721827,1562.4116826425043,300,1.8732369252331373,-0.05082785833860459,0.7198006414781984,-0.030243656961634002,1.1651831102985646,-4.68123662841178,0.7414173329964173,0.5865976459132632,baseline,1.0,0.35,0.5,0.35
5,3005,Proposed Adaptive NSST-BNF,0.2088915018169812,0.14337005579675835,0.09776522759553254,1.0,1.0484737732862586,9.592855989001691,800,1,2131.2701399864113,2160.929971177613,25.314560736851593,-0.26291065167377925,-0.00012166551215470636,0.011714660389043632,94.3971169512446,262.3294341722899,300,2.1677749330113185,-0.001923891465978711,0.7977021363689238,-0.006187761224506483,1.114789862189776,-3.385991501195698,0.7476649321832649,0.5661728563166648,baseline,1.0,0.35,0.5,0.35
5,3001,Proposed Adaptive NSST-BNF,0.7119556587469434,0.5668808350301205,0.4125130516148168,0.6875,2.280971738600021,9.060680180000418,900,1,2114.229448006434,2153.0262009467992,44.21944808948728,-0.26725315976201336,-0.00012412907917446056,0.020538276807798083,234.51236708434453,583.7335745968843,300,1.7857515272539757,-0.05496275826633723,0.7460758849942085,-0.13627490690719246,1.1777213332721441,-4.244156068450058,0.8049181611744517,0.5582759465325425,strong,0.5,0.175,0.25,0.175
5,3002,Proposed Adaptive NSST-BNF,0.39314824864018044,0.35271615673489753,0.22476953369533756,1.0,1.7452402562153708,9.422084344998439,900,1,1429.8986974418438,1440.3198687596312,27.543455196781927,-0.14426219806085572,-0.000100159833374437,0.019123151595833828,95.20526109943285,272.53963563053674,300,1.8031490668686438,-0.002432908001255729,0.7317333998027357,-7.908165085246388e-05,1.2612213230935372,-4.451865503966348,0.8134287133995864,0.47264367528050716,strong,0.5,0.175,0.25,0.175
5,3003,Proposed Adaptive NSST-BNF,1.2002567964731228,0.8627822013226478,0.6167410433265883,0.8125,2.8997817104207497,9.766412398999819,1000,0,2065.831518909897,2136.443465291044,86.3040369154099,-0.13822959242642693,-6.470079581890368e-05,0.040396124829660686,323.9360343809934,1590.372967582494,300,1.897290078752162,-0.0409213904923833,0.7383742988869715,-0.022104085870140455,1.2795756694038511,-5.909589361833168,0.8546142222492493,0.40370183102917767,strong,0.5,0.175,0.25,0.175
5,3004,Proposed Adaptive NSST-BNF,0.1930043392999689,0.13306262390849574,0.0921840158630698,1.0,0.6352203180426369,8.121033568000712,800,1,2049.1287000865923,2109.533087037784,53.86002266567146,-0.5334093146361121,-0.00025285657661104887,0.02553172690043081,246.13883241373472,552.609988656104,300,1.8740879201366576,-0.051782838741350146,0.7204700175897464,-0.03216069095238061,1.1767248427610681,-4.794345154058176,0.7611521510959102,0.5758891836491129,strong,0.5,0.175,0.25,0.175
5,3005,Proposed Adaptive NSST-BNF,0.18471017501251571,0.13165429792046487,0.0919222528791603,1.0,1.0761201229432475,9.407585896000455,900,1,1577.8766441591138,1578.9597890573561,21.43318562697071,-0.20111310862839352,-0.00012737063351591653,0.013574244116606907,158.31473138843683,245.3718143802934,300,2.1692087216839706,-0.0032496953380452,0.795981382420226,-0.001851470651961451,1.1066970516859507,-3.3225424846155347,0.7322995551934612,0.574494462380557,strong,0.5,0.175,0.25,0.175
5,3001,Proposed Adaptive NSST-BNF,0.739820106181683,0.5611005473373387,0.4118025530661992,0.6875,1.976928220583244,6.713809356999263,600,1,3008.279531890565,3091.139121759105,78.80694825307464,-0.7102735957421759,-0.00022977729819483934,0.02549446826845735,139.5008326501741,762.2949788004103,300,1.754169439281927,-0.017977430390630822,0.7050555455045275,-0.014761720464729455,1.172595996666317,-4.198611203372276,0.7958765323370307,0.5666607680192656,weak,2.0,0.7,1.0,0.7
5,3002,Proposed Adaptive NSST-BNF,0.3888029008015906,0.34972747052317826,0.2270335367160393,1.0,1.559998044782981,7.064558758000203,700,1,2922.5476245580644,2951.8731073379563,38.33459090856855,-0.27045669662519006,-9.162206056651667e-05,0.012986530760171887,70.21463076990841,356.80267870970584,300,1.8031820706545123,-0.0024696042283474107,0.7317283552146266,-6.529255866505324e-05,1.2560419037495203,-4.407179426909484,0.8049648219827984,0.4778989882328903,weak,2.0,0.7,1.0,0.7
5,3003,Proposed Adaptive NSST-BNF,1.1304299216863603,0.7936122624233506,0.6273911156926949,0.625,2.5745225588966374,7.66225838399987,800,1,3028.507870569426,3045.518492165859,29.992020615889018,-0.21889217382122075,-7.187353299094657e-05,0.009847919391407079,386.17416058646717,1054.844665380478,300,1.914201420736773,-0.05956042830164532,0.7536715185307684,-0.06489352988248664,1.2396011155218776,-5.484615164801437,0.8257245953961909,0.34854120941015304,weak,2.0,0.7,1.0,0.7
5,3004,Proposed Adaptive NSST-BNF,0.20942911096834263,0.13900855212780416,0.09566629043077407,0.9375,0.5257429056159892,5.831122769999638,600,1,3068.2968337472616,3095.0869995454386,72.83805051268918,-0.4805879315326702,-0.0001552744499922787,0.0235334420400417,695.6914622570503,3260.3330801391826,300,1.8788423842102226,-0.05712624539664213,0.7244540171935674,-0.04360737755109523,1.1491757651151244,-4.526210632268838,0.713375763539271,0.5992456448910922,weak,2.0,0.7,1.0,0.7
5,3005,Proposed Adaptive NSST-BNF,0.2703003211857266,0.1961990451735569,0.12954468867871188,1.0,0.9843861869593103,5.6146130739998625,600,1,2888.4332219194584,2952.2428400141807,59.77903414981428,-0.6082867293438826,-0.00020604224052956315,0.020248684606692827,147.09431967784724,454.5660268903693,300,2.167363841323189,-0.001543922564750666,0.7985331307370139,-0.008285215502248366,1.1060123923632712,-3.3171958478536174,0.7309933476750402,0.5751799392088565,weak,2.0,0.7,1.0,0.7
