Scenario,Model,N,RMSE_mean,RMSE_sd,RMSE_se,RMSE_median,RMSE_iqr,MAE_mean,MAE_sd,MAE_se,MAE_median,MAE_iqr,CRPS_mean,CRPS_sd,CRPS_se,CRPS_median,CRPS_iqr,Coverage_mean,Coverage_sd,Coverage_se,Coverage_median,Coverage_iqr,AIW_mean,AIW_sd,AIW_se,AIW_median,AIW_iqr
1,Gaussian Neural Model,40,0.30928952012307187,0.14862842313670405,0.023500217107562612,0.27652292916565635,0.19937431741811898,0.20419344644137336,0.08929885793499462,0.014119389176319164,0.1696304638356163,0.11122752369074881,0.1455099583693325,0.06519944812135137,0.01030893791247283,0.1204710199075874,0.07684795712166592,0.9203125,0.0927969721751297,0.014672489602033966,0.9375,0.1875,0.9185901659411005,0.16779946071502239,0.02653142430037084,0.8965706322281212,0.2420087996023632
1,Proposed Adaptive NSST-BNF,40,0.27927733161979607,0.1460054223110163,0.023085484261878834,0.24311990539296724,0.22950324408783446,0.17728233217430786,0.08122113262264863,0.012842188661308745,0.1548216504098786,0.12325942755603551,0.1271421890669592,0.0554021969938287,0.008759856493891612,0.1124256083195593,0.07958731847907781,0.965625,0.05286275772078254,0.008358335889766207,1.0,0.0625,1.074849154864283,0.1957837394178539,0.030956127269265336,1.0662108438846425,0.27124283175415853
1,Sparse Variational GP,40,0.39050887963226916,0.12438061011434075,0.019666301236134644,0.38427416894558564,0.20710014651893405,0.28480023486691064,0.08846195014586894,0.013987062436060512,0.28229840204234474,0.1166549112653929,0.20666907810028698,0.0544549706655467,0.008610086861039137,0.19982904929760176,0.07895589223618757,0.96875,0.046941726012425675,0.00742213857494193,1.0,0.0625,1.6532343239424414,0.22543212256301073,0.03564394825326744,1.6537368551461573,0.2907090272292012
1,Stationary Skew-t Neural Model,40,0.3045825791170764,0.13674084530015507,0.021620626016261035,0.2812532859818164,0.19256945771083855,0.1985010618176015,0.07704537923777911,0.012181944079141478,0.1871048530861377,0.09836412332984576,0.14191826181202488,0.05742639365265733,0.009079910087591674,0.12859595153531939,0.07390938328612737,0.93125,0.08816141955206878,0.013939544376911943,0.9375,0.125,0.9405465738113568,0.16947941782729262,0.0267970488426795,0.9382492514059726,0.22400943418436214
2,Gaussian Neural Model,40,0.29635137206317597,0.1256582428513442,0.019868312709240932,0.26805035292983526,0.168218863444779,0.20807968099140509,0.0882117475895004,0.01394750193833445,0.19182227712720484,0.11777527576902222,0.14682538119887054,0.06359218255491246,0.01005480691273745,0.13448237890677855,0.07496052239785203,0.9171875,0.07270459085952745,0.011495605173338289,0.9375,0.078125,0.890086716151624,0.2059612747786742,0.03256533690462012,0.8696881933956178,0.230209957473411
2,Proposed Adaptive NSST-BNF,40,0.26261218547819987,0.12497440747429679,0.019760188842437444,0.2238955372296147,0.13882305502034442,0.17925694631667022,0.08365274936219773,0.013226661025987125,0.158550763383708,0.09250850111701409,0.12507097087284005,0.05649003971532353,0.008931859530689605,0.10979660573251815,0.05625552293284278,0.978125,0.0575786808391742,0.009103988805984285,1.0,0.0,1.0413694137755374,0.2740325988798965,0.04332835827978895,1.014994820473663,0.27436546265209794
2,Sparse Variational GP,40,0.3713130382365617,0.15650178558766986,0.024745105017017502,0.33509494988752997,0.19390642541873165,0.27693592128860633,0.11352595719201218,0.017950029913876592,0.23815474196072814,0.15297692079530678,0.20474477125934243,0.07804158569315599,0.012339458150079169,0.18872094025040032,0.1028280921145569,0.9765625,0.0462701359493273,0.007315950862275577,1.0,0.015625,1.74484383570747,0.5196412074550353,0.082162489081899,1.6417416095391373,0.5194097456580449
2,Stationary Skew-t Neural Model,40,0.29362663261376165,0.12236787049902514,0.019348059160072224,0.2636687597470641,0.15048484561458053,0.20695471481168953,0.08621120741950876,0.013631188763942748,0.18477890698729593,0.09978550892855609,0.14594366555735824,0.06296747467589252,0.009956031924239652,0.13150302502114863,0.06657127137259816,0.93125,0.08105869984469785,0.012816505784059105,0.9375,0.078125,0.9039989054896832,0.21373401474619402,0.033794315002499416,0.8863065884900896,0.2557225100097188
3,Gaussian Neural Model,40,0.3104450907551448,0.1268780796824223,0.020061185847239375,0.2819735652609351,0.17568411888554167,0.2162538108727951,0.0913913831646656,0.014450246465675526,0.20047186486741303,0.0983379216764298,0.15346377747093348,0.06703478197250928,0.010599129674296204,0.14590363720026556,0.07397995174423674,0.89375,0.12435732222005903,0.019662619096742672,0.9375,0.125,0.8972689394465929,0.23243318675236,0.036750913697436646,0.8312895974316767,0.31184308595024735
3,Proposed Adaptive NSST-BNF,40,0.2726982190813517,0.11177644368196792,0.017673407539427807,0.24718969244635353,0.17181965833411073,0.18653533435350195,0.07590437853882875,0.012001536028115116,0.17735713599735314,0.10463157939650039,0.12933332311424744,0.05096759830863772,0.008058684876192037,0.11968028703617825,0.06563918970568172,0.9609375,0.08688831524965297,0.013738248912182255,1.0,0.0625,1.0862864040931088,0.3029153465404396,0.047895121664349755,0.9909200583495632,0.44933537498125187
3,Sparse Variational GP,40,0.3831364044853254,0.15744707663750426,0.024894568655479923,0.37542012443782946,0.1504733643626293,0.29404062630209354,0.11220892083702569,0.017741788181726423,0.2780224730540487,0.11364804352854846,0.21574203390363617,0.07929331995036187,0.01253737471398065,0.2099699950412237,0.07935950745420028,0.9796875,0.03577076006518488,0.005655853772068867,1.0,0.0625,1.7955791185126195,0.492050695861435,0.07780004615964607,1.723811356959312,0.7012998151103196
3,Stationary Skew-t Neural Model,40,0.3070169215729051,0.12352312662655981,0.019530721192266,0.2797171519651195,0.18374718766751463,0.21235687932913844,0.08666950805211587,0.013703652456549474,0.1989533597416554,0.11139319617409435,0.14932175893433586,0.06343277714632169,0.010029602704612619,0.14223031108325224,0.08458268395517199,0.9125,0.11393317879691249,0.0180144173030723,0.9375,0.125,0.924273504057718,0.25084209363096754,0.03966161744595367,0.8656127757802086,0.3385138023961205
4,Gaussian Neural Model,40,0.5293463160177733,0.442961436999883,0.07003835282704064,0.4254605574863754,0.24763665894159037,0.39257692644736303,0.3547391778902523,0.05608918887144207,0.29527990826004646,0.21490072313280667,0.30031720343625395,0.30880061418139204,0.04882566418360454,0.2084230302139077,0.1435128643800346,0.790625,0.2048832922947561,0.03239489290827277,0.8125,0.1875,1.1369655136387211,0.3466724186540068,0.054813722245305264,1.137010823132205,0.45224799699800644
4,Proposed Adaptive NSST-BNF,40,0.48011135559032825,0.32962237316380527,0.05211787334737932,0.410885345670035,0.2696345770598547,0.3543141087186138,0.28012568036940816,0.04429175905358237,0.2764542068000584,0.21732416399517235,0.25744314659892564,0.21254000850490617,0.03360552603935311,0.1942492741740472,0.1395677283231372,0.925,0.09826214285241655,0.015536608959123541,0.9375,0.078125,1.5934323989889083,0.6476102464921449,0.10239617074891237,1.561437352364869,0.8531804576110833
4,Sparse Variational GP,40,0.4973209819011636,0.2618709424067407,0.04140543155100382,0.46217714528239895,0.29789079274367725,0.37818232777864474,0.19340138982525817,0.0305794447244965,0.3494665680764958,0.2569388727878703,0.2745625596697506,0.1406415846382533,0.022237387059611435,0.24060460486773344,0.16504343411472092,0.9765625,0.044052298100652115,0.006965279908138505,1.0,0.0625,2.233781888957226,1.0520001368785608,0.16633582656725748,2.0193062835643163,1.4330516091839556
4,Stationary Skew-t Neural Model,40,0.5241157666838012,0.4413515291179844,0.0697838040405478,0.42798819415584977,0.2414765826297699,0.3893213005139359,0.35508225400081495,0.05614343396745056,0.2863548965333267,0.20273823579567085,0.2991664396627635,0.31042627164939707,0.04908270319831245,0.21085526685043893,0.1437609532420513,0.7859375,0.2089194479630355,0.03303306515341087,0.8125,0.1875,1.1452441732354146,0.3368739354030886,0.053264446010909634,1.1582411210088415,0.49331007575317165
5,Gaussian Neural Model,40,0.46315022414135987,0.18790506505797067,0.029710399473265328,0.4627840922213319,0.28059867752133577,0.34144392820013464,0.1501766805355047,0.023745018096783498,0.3369837776603059,0.20722174498862472,0.25459768332179217,0.11718581335968686,0.01852870398379995,0.24327433055874995,0.16450469776901502,0.79375,0.12354927388262173,0.019534855436451965,0.8125,0.1875,1.0441091744749982,0.2977110106829735,0.04707224391344584,0.9505446360449679,0.3547113902787815
5,Proposed Adaptive NSST-BNF,40,0.4408743781101007,0.1924597228696497,0.03043055410564453,0.4419742832082719,0.31203824664145585,0.3194970342399684,0.1450614803303521,0.02293623392998136,0.3106680808674215,0.2036862607894742,0.22868842625746222,0.10296424534867857,0.01628007664311111,0.2185556178564689,0.15299231587361517,0.9,0.0846845579723621,0.013389804291861734,0.9375,0.09375,1.4323653330478212,0.5707232431021273,0.09023926809003521,1.2442264303617077,0.7711782612685196
5,Sparse Variational GP,40,0.43551417496735717,0.1572953806049915,0.02487058340674236,0.40295097848395695,0.21380178939272532,0.33385464836507844,0.12710371932172274,0.020096862606769787,0.3111898830242352,0.17042613857569228,0.23774773625244752,0.08678669364639263,0.013722181125893221,0.21803826932716508,0.13022519016756162,0.9828125,0.03463263014142617,0.005475899630455301,1.0,0.0,1.956103151733887,0.6824128588627062,0.10789894692965865,1.8128512724294323,0.8358006294090581
5,Stationary Skew-t Neural Model,40,0.4683385539971597,0.189313597251483,0.02993310796772393,0.46830946319199585,0.2581829085866143,0.3439973081340747,0.15250007906966942,0.02411237966079635,0.332467690683463,0.16817707703667217,0.25653830686332063,0.11876291890139717,0.01877806626491386,0.23732644564586797,0.14109760686741785,0.7921875,0.12041885700252629,0.019039893068104975,0.8125,0.1875,1.0622700486454781,0.29411714862359684,0.04650400442824116,1.019592050973464,0.4523692136388674
